{"count":1,"self":264.4536576,"total":1244.2209369,"children":{"InitializeActuators":{"count":16,"self":0.0010004999999999999,"total":0.0010004999999999999,"children":null},"InitializeSensors":{"count":16,"self":0.020003999999999997,"total":0.020003999999999997,"children":null},"AgentSendState":{"count":252934,"self":146.7988864,"total":286.33274739999996,"children":{"CollectObservations":{"count":242688,"self":99.7014336,"total":99.7014324,"children":null},"WriteActionMask":{"count":242688,"self":0.2387991,"total":0.2387991,"children":null},"RequestDecision":{"count":242688,"self":0.7403643,"total":39.593634099999996,"children":{"AgentInfo.ToProto":{"count":242688,"self":0.5544802,"total":38.8532698,"children":{"GenerateSensorData":{"count":242688,"self":2.9288195999999997,"total":38.2987896,"children":{"CameraSensor.GetCompressedObservation":{"count":242688,"self":35.3699712,"total":35.369969999999995,"children":null}}}}}}}}},"DecideAction":{"count":252934,"self":692.98083839999993,"total":692.98086189999992,"children":null},"AgentAct":{"count":252934,"self":0.40817339999999996,"total":0.40817339999999996,"children":null},"AgentInfo.ToProto":{"count":128,"self":0,"total":0.0245045,"children":{"GenerateSensorData":{"count":128,"self":0.0019894,"total":0.0245045,"children":{"CameraSensor.GetCompressedObservation":{"count":128,"self":0.0225151,"total":0.0225151,"children":null}}}}}},"gauges":{"CnnAgent.CumulativeReward":{"count":128,"max":9.799999,"min":0.600001335,"runningAverage":5.831251,"value":4.90000153,"weightedAverage":5.451443}},"metadata":{"timer_format_version":"0.1.0","start_time_seconds":"1766105445","unity_version":"6000.2.8f1","command_line_arguments":"C:\\Program Files\\Unity\\Hub\\Editor\\6000.2.8f1\\Editor\\Unity.exe -projectpath C:\\Users\\fezdalek\\Documents\\Bakalarka\\virtualroboticagents\\GamePrototype -acceptSoftwareTermsForThisRunOnly -useHub -hubIPC -cloudEnvironment production","communication_protocol_version":"1.5.0","com.unity.ml-agents_version":"4.0.0","scene_name":"learnMove","end_time_seconds":"1766106689"}}