{"cameraMode":{"drawMode":0,"name":"Shaded","section":"Shading Mode"},"sceneLighting":true,"audioPlay":false,"sceneViewState":{"m_AlwaysRefresh":false,"showFog":true,"showSkybox":true,"showFlares":true,"showImageEffects":true,"showParticleSystems":true,"showVisualEffectGraphs":true,"m_FxEnabled":true},"in2DMode":false,"pivot":{"x":-18.955598831176759,"y":-3.4759275913238527,"z":-3.3800389766693117},"rotation":{"x":0.23044443130493165,"y":-0.5162101984024048,"z":0.14653711020946504,"w":0.8117759823799133},"size":8.297818183898926,"orthographic":false}